#Custom Aperture Number, Target Name
200068780,TNO.Quaoar
200068781,TNO.Quaoar
200068782,TNO.Quaoar
200068783,TNO.Quaoar
200068784,TNO.Quaoar
200068785,TNO.Quaoar
200068786,TNO.Quaoar
200068787,TNO.Quaoar
200068788,TNO.Quaoar
200068789,TNO.Quaoar
200068790,TNO.Quaoar
200068791,TNO.Quaoar
200068792,TNO.Quaoar
200068793,TNO.Quaoar
200068794,TNO.Quaoar
200068795,TNO.Quaoar
200068796,TNO.Quaoar
200068797,TNO.Quaoar
200068798,TNO.Quaoar
200068799,TNO.Quaoar
200068800,TNO.Quaoar
200068801,TNO.Quaoar
200068802,TNO.Quaoar
200068803,TNO.Quaoar
200068804,TNO.Quaoar
200068805,TNO.Quaoar
200068806,TNO.Quaoar
200068807,TNO.Quaoar
200068808,TNO.Quaoar
200068809,TNO.Quaoar
200068810,TNO.Quaoar
200068811,TNO.Quaoar
200068812,TNO.Quaoar
200068813,TNO.Quaoar
200068814,TNO.Quaoar
200068815,TNO.Quaoar
200068816,TNO.Quaoar
200068817,TNO.Quaoar
200068818,TNO.Quaoar
200068819,TNO.Quaoar
200068820,TNO.Quaoar
200068821,TNO.Quaoar
200068822,TNO.Quaoar
200068823,TNO.Quaoar
200068824,TNO.Quaoar
200068825,TNO.Quaoar
200068826,TNO.Quaoar
200068827,TNO.Quaoar
200068828,TNO.Quaoar
200068829,TNO.Quaoar
200068830,TNO.Quaoar
200068831,TNO.Quaoar
200068832,TNO.Quaoar
200068833,TNO.Quaoar
200068834,TNO.Quaoar
200068835,TNO.Quaoar
200068836,TNO.Quaoar
200068837,TNO.Quaoar
200068838,TNO.Quaoar
200068839,TNO.Quaoar
200068840,TNO.Quaoar
200068841,TNO.Quaoar
200068842,TNO.Quaoar
200068843,TNO.Quaoar
200068844,TNO.Quaoar
200068845,TNO.Quaoar
200068846,TNO.Quaoar
200068847,TNO.Quaoar
200068848,TNO.Quaoar
200068849,TNO.Quaoar
200068850,TNO.Quaoar
200068851,TNO.Quaoar
200068852,TNO.Quaoar
200068853,TNO.Quaoar
200068854,TNO.Quaoar
200068855,TNO.Quaoar
200068856,TNO.Quaoar
200068857,TNO.Quaoar
200068858,TNO.Quaoar
200068859,TNO.Quaoar
200068860,TNO.Quaoar
200068861,TNO.Quaoar
200068862,TNO.Quaoar
200068863,TNO.Quaoar
200068864,TNO.Quaoar
200068865,TNO.Quaoar
200068866,TNO.Quaoar
200068867,TNO.Quaoar
200068868,TNO.Quaoar
200068869,TNO.Quaoar
200068870,TNO.Quaoar
200068871,TNO.Quaoar
200068872,TNO.Quaoar
200068873,TNO.Quaoar
200068874,TNO.Quaoar
200068875,TNO.Quaoar
200068876,TNO.Quaoar
200068877,TNO.Quaoar
200068878,TNO.Quaoar
200068879,TNO.Quaoar
200068880,TNO.Quaoar
200068881,TNO.Quaoar
200068882,TNO.Quaoar
200068883,TNO.Quaoar
200068884,TNO.Quaoar
200068885,TNO.Quaoar
200068886,TNO.Quaoar
200068887,TNO.Quaoar
200068888,TNO.Quaoar
200068889,TNO.Quaoar
200068890,TNO.Quaoar
200068891,TNO.Quaoar
200068892,TNO.Quaoar
200068893,TNO.Quaoar
200068894,TNO.Quaoar
200068895,TNO.Quaoar
200068896,TNO.Quaoar
200068897,TNO.Quaoar
200068898,TNO.Quaoar
200068899,TNO.Quaoar
200068900,TNO.Quaoar
200068901,TNO.Quaoar
200068902,TNO.Quaoar
200068903,TNO.Quaoar
200068904,TNO.Quaoar
200068905,TNO.Quaoar
200068906,TNO.Quaoar
200068907,TNO.Quaoar
200068908,TNO.Quaoar
200068909,TNO.Quaoar
200068910,TNO.Quaoar
200068911,TNO.Quaoar
200068912,TNO.Quaoar
200068913,TNO.Quaoar
200068914,TNO.Quaoar
200068915,TNO.Quaoar
200068916,TNO.Quaoar
200068917,TNO.Quaoar
200068918,TNO.Quaoar
200068919,TNO.Quaoar
200068920,TNO.Quaoar
200068921,TNO.Quaoar
200068922,TNO.Quaoar
200068923,TNO.Quaoar
200068924,TNO.Quaoar
200068925,TNO.Quaoar
200068926,TNO.Quaoar
200068927,TNO.Quaoar
200068928,TNO.Quaoar
200068929,TNO.Quaoar
200068930,TNO.Quaoar
200068931,TNO.Quaoar
200068932,TNO.Quaoar
200068933,TNO.Quaoar
200068934,TNO.Quaoar
200068935,TNO.Quaoar
200068936,TNO.Quaoar
200068937,TNO.Quaoar
200068938,TNO.Quaoar
200068939,TNO.Quaoar
200068940,TNO.Quaoar
200068941,TNO.Quaoar
200068942,TNO.Quaoar
200068943,TNO.Quaoar
200068944,TNO.Quaoar
200068945,TNO.Quaoar
200068946,TNO.Quaoar
200068947,TNO.Quaoar
200068948,TNO.Quaoar
200068949,TNO.Quaoar
200068950,TNO.Quaoar
200068951,TNO.Quaoar
200068952,TNO.Quaoar
200068953,TNO.Quaoar
200068954,TNO.Quaoar
200068955,TNO.Quaoar
200068956,TNO.Quaoar
200068957,TNO.Quaoar
200068958,TNO.Quaoar
200068959,TNO.Quaoar
200068960,TNO.Quaoar
200068961,TNO.Quaoar
200068962,TNO.Quaoar
200068963,TNO.Quaoar
200068964,TNO.Quaoar
200068965,TNO.Quaoar
200068966,TNO.Quaoar
200068967,TNO.Quaoar
200068968,TNO.Quaoar
200068969,TNO.Quaoar
200068970,TNO.Quaoar
200068971,TNO.Quaoar
200068972,TNO.Quaoar
200068973,TNO.Quaoar
200068974,TNO.Quaoar
200068975,TNO.Quaoar
200068976,TNO.Quaoar
200068977,TNO.Quaoar
200068978,TNO.Quaoar
200068979,TNO.Quaoar
200068980,TNO.Quaoar
200068981,TNO.Quaoar
200068982,TNO.Quaoar
200068983,TNO.Quaoar
200068984,TNO.Quaoar
200068985,TNO.Quaoar
200068986,TNO.Quaoar
200068987,TNO.Quaoar
200068988,TNO.Quaoar
200068989,TNO.Quaoar
200068990,TNO.Quaoar
200068991,TNO.Quaoar
200068992,TNO.Quaoar
200068993,TNO.Quaoar
200068994,TNO.Quaoar
200068995,TNO.Quaoar
200068996,TNO.Quaoar
200068997,TNO.Quaoar
200068998,TNO.Quaoar
200068999,TNO.Quaoar
200069000,TNO.Quaoar
200069001,TNO.Quaoar
200069002,TNO.Quaoar
200069003,TNO.Quaoar
200069004,TNO.Quaoar
200069005,TNO.Quaoar
200069006,TNO.Quaoar
200069007,TNO.Quaoar
200069008,TNO.Quaoar
200069009,TNO.Quaoar
200069010,TNO.Quaoar
200069011,TNO.Quaoar
200069012,TNO.Quaoar
200069013,TNO.Quaoar
200069014,TNO.Quaoar
200069015,TNO.Quaoar
200069016,TNO.Quaoar
200069017,TNO.Quaoar
200069018,TNO.Quaoar
200069019,TNO.Quaoar
200069020,TNO.Quaoar
200069021,TNO.Quaoar
200069022,TNO.Quaoar
200069023,TNO.Quaoar
200069024,TNO.Quaoar
200069025,TNO.Quaoar
200069026,TNO.Quaoar
200069027,TNO.Quaoar
200069028,TNO.Quaoar
200069029,TNO.Quaoar
200069030,TNO.Quaoar
200069031,TNO.Quaoar
200069032,TNO.Quaoar
200069033,TNO.Quaoar
200069034,TNO.Quaoar
200069035,TNO.Quaoar
200069036,TNO.Quaoar
200069037,TNO.Quaoar
200069038,TNO.Quaoar
200069039,TNO.Quaoar
200069040,TNO.Quaoar
200069041,TNO.Quaoar
200069042,TNO.Quaoar
200069043,TNO.Quaoar
200069044,TNO.Quaoar
200069045,TNO.Quaoar
200069046,TNO.Quaoar
200069047,TNO.Quaoar
200069048,TNO.Quaoar
200069049,TNO.Quaoar
200069050,TNO.Quaoar
200069051,TNO.Quaoar
200069052,TNO.Quaoar
200069053,TNO.Quaoar
200069054,TNO.Quaoar
200069055,TNO.Quaoar
200069056,TNO.Quaoar
200069057,TNO.Quaoar
200069058,TNO.Quaoar
200069059,TNO.Quaoar
200069060,TNO.Quaoar
200069061,TNO.Quaoar
200069062,TNO.Quaoar
200069063,TNO.Quaoar
200069064,TNO.Quaoar
200069065,TNO.Quaoar
200069066,TNO.Quaoar
200069067,TNO.Quaoar
200069068,TNO.Quaoar
200069069,TNO.Quaoar
200069070,TNO.Quaoar
200069071,TNO.Quaoar
200069072,TNO.Quaoar
200069073,TNO.Quaoar
200069074,TNO.Quaoar
200069075,TNO.Quaoar
200069076,TNO.Quaoar
200069077,TNO.Quaoar
200069078,TNO.Quaoar
200069079,TNO.Quaoar
200069080,TNO.Quaoar
200069081,TNO.Quaoar
200069082,TNO.Quaoar
200069083,TNO.Quaoar
200069084,TNO.Quaoar
200069085,TNO.Quaoar
200069086,TNO.Quaoar
200069087,TNO.Quaoar
200069088,TNO.Quaoar
200069089,TNO.Quaoar
200069090,TNO.Quaoar
200069091,TNO.Quaoar
200069092,TNO.Quaoar
200069093,TNO.Quaoar
200069094,TNO.Quaoar
200069095,TNO.Quaoar
200069096,TNO.Quaoar
200069097,TNO.Quaoar
200069098,TNO.Quaoar
200069099,TNO.Quaoar
200069100,TNO.Quaoar
200069101,TNO.Quaoar
200069102,TNO.Quaoar
200069103,TNO.Quaoar
200069104,TNO.Quaoar
200069105,TNO.Quaoar
200069106,TNO.Quaoar
200069107,TNO.Quaoar
200069108,TNO.Quaoar
200069109,TNO.Quaoar
200069110,TNO.Quaoar
200069111,TNO.Quaoar
200069112,TNO.Quaoar
200069113,TNO.Quaoar
200069114,TNO.Quaoar
200069115,TNO.Quaoar
200069116,TNO.Quaoar
200069117,TNO.Quaoar
200069118,TNO.Quaoar
200069119,TNO.Quaoar
200069120,TNO.Quaoar
200069121,TNO.Quaoar
200069122,TNO.Quaoar
200069123,TNO.Quaoar
200069124,TNO.Quaoar
200069125,TNO.Quaoar
200069126,TNO.Quaoar
200069127,TNO.Quaoar
200069128,TNO.Quaoar
200069129,TNO.Quaoar
200069130,TNO.Quaoar
200069131,TNO.Quaoar
200069132,TNO.Quaoar
200069133,TNO.Quaoar
200069134,TNO.Quaoar
200069135,TNO.Quaoar
200069136,TNO.Quaoar
200069137,TNO.Quaoar
200069138,TNO.Quaoar
200069139,TNO.Quaoar
200069140,TNO.Quaoar
200069141,TNO.Quaoar
200069142,TNO.Quaoar
200069143,TNO.Quaoar
200069144,TNO.Quaoar
200069145,TNO.Quaoar
200069146,TNO.Quaoar
200069147,TNO.Quaoar
200069148,TNO.Quaoar
200069149,TNO.Quaoar
200069150,TNO.Quaoar
200069151,TNO.Quaoar
200069152,TNO.Quaoar
200069153,TNO.Quaoar
200069154,TNO.Quaoar
200069155,TNO.Quaoar
200069156,TNO.Quaoar
200069157,TNO.Quaoar
200069158,TNO.Quaoar
200069159,TNO.Quaoar
200069160,TNO.Quaoar
200069161,TNO.Quaoar
200069162,TNO.Quaoar
200069163,TNO.Quaoar
200069164,TNO.Quaoar
200069165,TNO.Quaoar
200069166,TNO.Quaoar
200069167,TNO.Quaoar
200069168,TNO.Quaoar
200069169,TNO.Quaoar
200069170,TNO.Quaoar
200069171,TNO.Quaoar
200069172,TNO.Quaoar
200069173,TNO.Quaoar
200069174,TNO.Quaoar
200069175,TNO.Quaoar
200069176,TNO.Quaoar
200069177,TNO.Quaoar
200069178,TNO.Quaoar
200069179,TNO.Quaoar
200069180,TNO.Quaoar
200069181,TNO.Quaoar
200069182,TNO.Quaoar
200069183,TNO.Quaoar
200069184,TNO.Quaoar
200069185,TNO.Quaoar
200069186,TNO.Quaoar
200069187,TNO.Quaoar
200069188,TNO.Quaoar
200069189,TNO.Quaoar
200069190,TNO.Quaoar
200069191,TNO.Quaoar
200069192,TNO.Quaoar
200069193,TNO.Quaoar
200069194,TNO.Quaoar
200069195,TNO.Quaoar
200069196,TNO.Quaoar
200069197,TNO.Quaoar
200069198,TNO.Quaoar
200069199,TNO.Quaoar
200069200,TNO.Quaoar
200069201,TNO.Quaoar
200069202,TNO.Quaoar
200069203,TNO.Quaoar
200069204,TNO.Quaoar
200069205,TNO.Quaoar
200069206,TNO.Quaoar
200069207,TNO.Quaoar
200069208,TNO.Quaoar
200069209,TNO.Quaoar
200069210,TNO.Quaoar
200069211,TNO.Quaoar
200069212,TNO.Quaoar
200069213,TNO.Quaoar
200069214,TNO.Quaoar
200069215,TNO.Quaoar
200069216,TNO.Quaoar
200069217,TNO.Quaoar
200069218,TNO.Quaoar
200069219,TNO.Quaoar
200069220,TNO.Quaoar
200069221,TNO.Quaoar
200069222,TNO.Quaoar
200069223,TNO.Quaoar
200069224,TNO.Quaoar
200069225,TNO.Quaoar
200069226,TNO.Quaoar
200069227,TNO.Quaoar
200069228,TNO.Quaoar
200069229,TNO.Quaoar
200069230,TNO.Quaoar
200069231,TNO.Quaoar
200069232,TNO.Quaoar
200069233,TNO.Quaoar
200069234,TNO.Quaoar
200069235,TNO.Quaoar
200069236,TNO.Quaoar
200069237,TNO.Quaoar
200069238,TNO.Quaoar
200069239,TNO.Quaoar
200069240,TNO.Quaoar
200069241,TNO.Quaoar
200069242,TNO.Quaoar
200069243,TNO.Quaoar
200069244,TNO.Quaoar
200069245,TNO.Quaoar
200069246,TNO.Quaoar
200069247,TNO.Quaoar
200069248,TNO.Quaoar
200069249,TNO.Quaoar
200069250,TNO.Quaoar
200069251,TNO.Quaoar
200069252,TNO.Quaoar
200069253,TNO.Quaoar
200069254,TNO.Quaoar
200069255,TNO.Quaoar
200069256,TNO.Quaoar
200069257,TNO.Quaoar
200069258,TNO.Quaoar
200069259,TNO.Quaoar
200069260,TNO.Quaoar
200069261,TNO.Quaoar
200069262,TNO.Quaoar
200069263,TNO.Quaoar
200069264,TNO.Quaoar
200069265,TNO.Quaoar
200069266,TNO.Quaoar
200069267,TNO.Quaoar
200069268,TNO.Quaoar
200069269,TNO.Quaoar
200069270,TNO.Quaoar
200069271,TNO.Quaoar
200069272,TNO.Quaoar
200069273,TNO.Quaoar
200069274,TNO.Quaoar
200069275,TNO.Quaoar
200069276,TNO.Quaoar
200069277,TNO.Quaoar
200069278,TNO.Quaoar
200069279,TNO.Quaoar
200069280,TNO.Quaoar
200069281,TNO.Quaoar
200069282,TNO.Quaoar
200069283,TNO.Quaoar
200069284,TNO.Quaoar
200069285,TNO.Quaoar
200069286,TNO.Quaoar
200069287,TNO.Quaoar
200069288,TNO.Quaoar
200069289,TNO.Quaoar
200069290,TNO.Quaoar
200069291,TNO.Quaoar
200069292,TNO.Quaoar
200069293,TNO.Quaoar
200069294,TNO.Quaoar
200069295,TNO.Quaoar
200069296,TNO.Quaoar
200069297,TNO.Quaoar
200069298,TNO.Quaoar
200069299,TNO.Quaoar
200069300,TNO.Quaoar
200069301,TNO.Quaoar
200069302,TNO.Quaoar
200069303,TNO.Quaoar
200069304,TNO.Quaoar
200069305,TNO.Quaoar
200069306,TNO.Quaoar
200069307,TNO.Quaoar
200069308,TNO.Quaoar
200069309,TNO.Quaoar
200069310,TNO.Quaoar
200069311,TNO.Quaoar
200069312,TNO.Quaoar
200069313,TNO.Quaoar
200069314,TNO.Quaoar
200069315,TNO.Quaoar
200069316,TNO.Quaoar
200069317,TNO.Quaoar
200069318,TNO.Quaoar
200069319,TNO.Quaoar
200069320,TNO.Quaoar
200069321,TNO.Quaoar
200069322,TNO.Quaoar
200069323,TNO.Quaoar
200069324,TNO.Quaoar
200069325,TNO.Quaoar
200069326,TNO.Quaoar
200069327,TNO.Quaoar
200069328,TNO.Quaoar
200069329,TNO.Quaoar
200069330,TNO.Quaoar
200069331,TNO.Quaoar
200069332,TNO.Quaoar
200069333,TNO.Quaoar
200069334,TNO.Quaoar
200069335,TNO.Quaoar
200069336,TNO.Quaoar
200069337,TNO.Quaoar
200069338,TNO.Quaoar
200069339,TNO.Quaoar
200069340,TNO.Quaoar
200069341,TNO.Quaoar
200069342,TNO.Quaoar
200069343,TNO.Quaoar
200069344,TNO.Quaoar
200069345,TNO.Quaoar
200069346,TNO.Quaoar
200069347,TNO.Quaoar
200069348,TNO.Quaoar
200069349,TNO.Quaoar
200069350,TNO.Quaoar
200069351,TNO.Quaoar
200069352,TNO.Quaoar
200069353,TNO.Quaoar
200069354,TNO.Quaoar
200069355,TNO.Quaoar
200069356,TNO.Quaoar
224683312,Bright Custom
224751481,Bright Custom
226366044,Bright Custom
222747658,Bright Custom
221795402,Bright Custom
224417524,Bright Custom
227731465,Bright Custom
227153528,Bright Custom
225295599,Bright Custom
228208266,Bright Custom
226520302,Bright Custom
224373654,Bright Custom
227232996,Bright Custom
224082656,Bright Custom
226008726,Bright Custom
224416513,Bright Custom
227176652,Bright Custom
225617206,Bright Custom
226452034,Bright Custom
225171184,Bright Custom
224460285,Bright Custom
222285672,Bright Custom
224352697,Bright Custom
223738147,Bright Custom
200069381,Dark Clouds
200069382,Dark Clouds
200069383,Dark Clouds
200069384,Dark Clouds
200069385,Dark Clouds
200069386,Dark Clouds
200069387,Isolated Stars
200069388,Isolated Stars
200069389,Isolated Stars
200069390,Isolated Stars
200069411,C9 Microlens Survey
200069412,C9 Microlens Survey
200069413,C9 Microlens Survey
200069414,C9 Microlens Survey
200069415,C9 Microlens Survey
200069416,C9 Microlens Survey
200069417,C9 Microlens Survey
200069418,C9 Microlens Survey
200069419,C9 Microlens Survey
200069420,C9 Microlens Survey
200069421,C9 Microlens Survey
200069422,C9 Microlens Survey
200069423,C9 Microlens Survey
200069424,C9 Microlens Survey
200069425,C9 Microlens Survey
200069426,C9 Microlens Survey
200069427,C9 Microlens Survey
200069428,C9 Microlens Survey
200069429,C9 Microlens Survey
200069430,C9 Microlens Survey
200069431,C9 Microlens Survey
200069432,C9 Microlens Survey
200069433,C9 Microlens Survey
200069434,C9 Microlens Survey
200069435,C9 Microlens Survey
200069436,C9 Microlens Survey
200069437,C9 Microlens Survey
200069438,C9 Microlens Survey
200069439,C9 Microlens Survey
200069440,C9 Microlens Survey
200069441,C9 Microlens Survey
200069442,C9 Microlens Survey
200069443,C9 Microlens Survey
200069444,C9 Microlens Survey
200069445,C9 Microlens Survey
200069446,C9 Microlens Survey
200069447,C9 Microlens Survey
200069448,C9 Microlens Survey
200069449,C9 Microlens Survey
200069450,C9 Microlens Survey
200069451,C9 Microlens Survey
200069452,C9 Microlens Survey
200069453,C9 Microlens Survey
200069454,C9 Microlens Survey
200069455,C9 Microlens Survey
200069456,C9 Microlens Survey
200069457,C9 Microlens Survey
200069458,C9 Microlens Survey
200069459,C9 Microlens Survey
200069460,C9 Microlens Survey
200069461,C9 Microlens Survey
200069462,C9 Microlens Survey
200069463,C9 Microlens Survey
200069464,C9 Microlens Survey
200069465,C9 Microlens Survey
200069466,C9 Microlens Survey
200069467,C9 Microlens Survey
200069468,C9 Microlens Survey
200069469,C9 Microlens Survey
200069470,C9 Microlens Survey
200069471,C9 Microlens Survey
200069472,C9 Microlens Survey
200069473,C9 Microlens Survey
200069474,C9 Microlens Survey
200069475,C9 Microlens Survey
200069476,C9 Microlens Survey
200069477,C9 Microlens Survey
200069478,C9 Microlens Survey
200069479,C9 Microlens Survey
200069480,C9 Microlens Survey
200069481,C9 Microlens Survey
200069482,C9 Microlens Survey
200069483,C9 Microlens Survey
200069484,C9 Microlens Survey
200069485,C9 Microlens Survey
200069486,C9 Microlens Survey
200069487,C9 Microlens Survey
200069488,C9 Microlens Survey
200069489,C9 Microlens Survey
200069490,C9 Microlens Survey
200069491,C9 Microlens Survey
200069492,C9 Microlens Survey
200069493,C9 Microlens Survey
200069494,C9 Microlens Survey
200069495,C9 Microlens Survey
200069496,C9 Microlens Survey
200069497,C9 Microlens Survey
200069498,C9 Microlens Survey
200069499,C9 Microlens Survey
200069500,C9 Microlens Survey
200069501,C9 Microlens Survey
200069502,C9 Microlens Survey
200069503,C9 Microlens Survey
200069504,C9 Microlens Survey
200069505,C9 Microlens Survey
200069506,C9 Microlens Survey
200069507,C9 Microlens Survey
200069508,C9 Microlens Survey
200069509,C9 Microlens Survey
200069510,C9 Microlens Survey
200069511,C9 Microlens Survey
200069512,C9 Microlens Survey
200069513,C9 Microlens Survey
200069514,C9 Microlens Survey
200069515,C9 Microlens Survey
200069516,C9 Microlens Survey
200069517,C9 Microlens Survey
200069518,C9 Microlens Survey
200069519,C9 Microlens Survey
200069520,C9 Microlens Survey
200069521,C9 Microlens Survey
200069522,C9 Microlens Survey
200069523,C9 Microlens Survey
200069524,C9 Microlens Survey
200069525,C9 Microlens Survey
200069526,C9 Microlens Survey
200069527,C9 Microlens Survey
200069528,C9 Microlens Survey
200069529,C9 Microlens Survey
200069530,C9 Microlens Survey
200069531,C9 Microlens Survey
200069532,C9 Microlens Survey
200069533,C9 Microlens Survey
200069534,C9 Microlens Survey
200069535,C9 Microlens Survey
200069536,C9 Microlens Survey
200069537,C9 Microlens Survey
200069538,C9 Microlens Survey
200069539,C9 Microlens Survey
200069540,C9 Microlens Survey
200069541,C9 Microlens Survey
200069542,C9 Microlens Survey
200069543,C9 Microlens Survey
200069544,C9 Microlens Survey
200069545,C9 Microlens Survey
200069546,C9 Microlens Survey
200069547,C9 Microlens Survey
200069548,C9 Microlens Survey
200069549,C9 Microlens Survey
200069550,C9 Microlens Survey
200069551,C9 Microlens Survey
200069552,C9 Microlens Survey
200069553,C9 Microlens Survey
200069554,C9 Microlens Survey
200069555,C9 Microlens Survey
200069556,C9 Microlens Survey
200069557,C9 Microlens Survey
200069558,C9 Microlens Survey
200069559,C9 Microlens Survey
200069560,C9 Microlens Survey
200069561,C9 Microlens Survey
200069562,C9 Microlens Survey
200069563,C9 Microlens Survey
200069564,C9 Microlens Survey
200069565,C9 Microlens Survey
200069566,C9 Microlens Survey
200069567,C9 Microlens Survey
200069568,C9 Microlens Survey
200069569,C9 Microlens Survey
200069570,C9 Microlens Survey
200069571,C9 Microlens Survey
200069572,C9 Microlens Survey
200069573,C9 Microlens Survey
200069574,C9 Microlens Survey
200069575,C9 Microlens Survey
200069576,C9 Microlens Survey
200069577,C9 Microlens Survey
200069578,C9 Microlens Survey
200069579,C9 Microlens Survey
200069580,C9 Microlens Survey
200069581,C9 Microlens Survey
200069582,C9 Microlens Survey
200069583,C9 Microlens Survey
200069584,C9 Microlens Survey
200069585,C9 Microlens Survey
200069586,C9 Microlens Survey
200069587,C9 Microlens Survey
200069588,C9 Microlens Survey
200069589,C9 Microlens Survey
200069590,C9 Microlens Survey
200069591,C9 Microlens Survey
200069592,C9 Microlens Survey
200069593,C9 Microlens Survey
200069594,C9 Microlens Survey
200069595,C9 Microlens Survey
200069596,C9 Microlens Survey
200069597,C9 Microlens Survey
200069598,C9 Microlens Survey
200069599,C9 Microlens Survey
200069600,C9 Microlens Survey
200069601,C9 Microlens Survey
200069602,C9 Microlens Survey
200069603,C9 Microlens Survey
200069604,C9 Microlens Survey
200069605,C9 Microlens Survey
200069606,C9 Microlens Survey
200069607,C9 Microlens Survey
200069608,C9 Microlens Survey
200069609,C9 Microlens Survey
200069610,C9 Microlens Survey
200069611,C9 Microlens Survey
200069612,C9 Microlens Survey
200069613,C9 Microlens Survey
200069614,C9 Microlens Survey
200069615,C9 Microlens Survey
200069616,C9 Microlens Survey
200069617,C9 Microlens Survey
200069618,C9 Microlens Survey
200069619,C9 Microlens Survey
200069620,C9 Microlens Survey
200069621,C9 Microlens Survey
200069622,C9 Microlens Survey
200069623,C9 Microlens Survey
200069624,C9 Microlens Survey
200069625,C9 Microlens Survey
200069626,C9 Microlens Survey
200069627,C9 Microlens Survey
200069628,C9 Microlens Survey
200069629,C9 Microlens Survey
200069630,C9 Microlens Survey
200069631,C9 Microlens Survey
200069632,C9 Microlens Survey
200069633,C9 Microlens Survey
200069634,C9 Microlens Survey
200069635,C9 Microlens Survey
200069636,C9 Microlens Survey
200069637,C9 Microlens Survey
200069638,C9 Microlens Survey
200069639,C9 Microlens Survey
200069640,C9 Microlens Survey
200069641,C9 Microlens Survey
200069642,C9 Microlens Survey
200069643,C9 Microlens Survey
200069644,C9 Microlens Survey
200069645,C9 Microlens Survey
200069646,C9 Microlens Survey
200069647,C9 Microlens Survey
200069648,C9 Microlens Survey
200069649,C9 Microlens Survey
200069650,C9 Microlens Survey
200069651,C9 Microlens Survey
200069652,C9 Microlens Survey
200069653,C9 Microlens Survey
200069654,C9 Microlens Survey
200069655,C9 Microlens Survey
200069656,C9 Microlens Survey
200069657,C9 Microlens Survey
200069658,C9 Microlens Survey
200069659,C9 Microlens Survey
200069660,C9 Microlens Survey
200069661,C9 Microlens Survey
200069662,C9 Microlens Survey
200069663,C9 Microlens Survey
200069664,C9 Microlens Survey
200069665,C9 Microlens Survey
200069666,C9 Microlens Survey
200069667,C9 Microlens Survey
200069668,C9 Microlens Survey
200069669,C9 Microlens Survey
200069670,C9 Microlens Survey
200069671,C9 Microlens Survey
200069672,C9 Microlens Survey
200069673,C9 Microlens Survey
200069674,C9 Microlens Survey
200069675,C9 Microlens Survey
200069676,C9 Microlens Survey
200069677,C9 Microlens Survey
200069678,C9 Microlens Survey
200069679,C9 Microlens Survey
200069680,C9 Microlens Survey
200069681,C9 Microlens Survey
200069682,C9 Microlens Survey
200069683,C9 Microlens Survey
200069684,C9 Microlens Survey
200069685,C9 Microlens Survey
200069686,C9 Microlens Survey
200069687,C9 Microlens Survey
200069688,C9 Microlens Survey
200069689,C9 Microlens Survey
200069690,C9 Microlens Survey
200069691,C9 Microlens Survey
200069692,C9 Microlens Survey
200069693,C9 Microlens Survey
200069694,C9 Microlens Survey
200069695,C9 Microlens Survey
200069696,C9 Microlens Survey
200069697,C9 Microlens Survey
200069698,C9 Microlens Survey
200069699,C9 Microlens Survey
200069700,C9 Microlens Survey
200069701,C9 Microlens Survey
200069702,C9 Microlens Survey
200069703,C9 Microlens Survey
200069704,C9 Microlens Survey
200069705,C9 Microlens Survey
200069706,C9 Microlens Survey
200069707,C9 Microlens Survey
200069708,C9 Microlens Survey
200069709,C9 Microlens Survey
200069710,C9 Microlens Survey
200069711,C9 Microlens Survey
200069712,C9 Microlens Survey
200069713,C9 Microlens Survey
200069714,C9 Microlens Survey
200069715,C9 Microlens Survey
200069716,C9 Microlens Survey
200069717,C9 Microlens Survey
200069718,C9 Microlens Survey
200069719,C9 Microlens Survey
200069720,C9 Microlens Survey
200069721,C9 Microlens Survey
200069722,C9 Microlens Survey
200069723,C9 Microlens Survey
200069724,C9 Microlens Survey
200069725,C9 Microlens Survey
200069726,C9 Microlens Survey
200069727,C9 Microlens Survey
200069728,C9 Microlens Survey
200069729,C9 Microlens Survey
200069730,C9 Microlens Survey
200069731,C9 Microlens Survey
200069732,C9 Microlens Survey
200069733,C9 Microlens Survey
200069734,C9 Microlens Survey
200069735,C9 Microlens Survey
200069736,C9 Microlens Survey
200069737,C9 Microlens Survey
200069738,C9 Microlens Survey
200069739,C9 Microlens Survey
200069740,C9 Microlens Survey
200069741,C9 Microlens Survey
200069742,C9 Microlens Survey
200069743,C9 Microlens Survey
200069744,C9 Microlens Survey
200069745,C9 Microlens Survey
200069746,C9 Microlens Survey
200069747,C9 Microlens Survey
200069748,C9 Microlens Survey
200069749,C9 Microlens Survey
200069750,C9 Microlens Survey
200069751,C9 Microlens Survey
200069752,C9 Microlens Survey
200069753,C9 Microlens Survey
200069754,C9 Microlens Survey
200069755,C9 Microlens Survey
200069756,C9 Microlens Survey
200069757,C9 Microlens Survey
200069758,C9 Microlens Survey
200069759,C9 Microlens Survey
200069760,C9 Microlens Survey
200069761,C9 Microlens Survey
200069762,C9 Microlens Survey
200069763,C9 Microlens Survey
200069764,C9 Microlens Survey
200069765,C9 Microlens Survey
200069766,C9 Microlens Survey
200069767,C9 Microlens Survey
200069768,C9 Microlens Survey
200069769,C9 Microlens Survey
200069770,C9 Microlens Survey
200069771,C9 Microlens Survey
200069772,C9 Microlens Survey
200069773,C9 Microlens Survey
200069774,C9 Microlens Survey
200069775,C9 Microlens Survey
200069776,C9 Microlens Survey
200069777,C9 Microlens Survey
200069778,C9 Microlens Survey
200069779,C9 Microlens Survey
200069780,C9 Microlens Survey
200069781,C9 Microlens Survey
200069782,C9 Microlens Survey
200069783,C9 Microlens Survey
200069784,C9 Microlens Survey
200069785,C9 Microlens Survey
200069786,C9 Microlens Survey
200069787,C9 Microlens Survey
200069788,C9 Microlens Survey
200069789,C9 Microlens Survey
200069790,C9 Microlens Survey
200069791,C9 Microlens Survey
200069792,C9 Microlens Survey
200069793,C9 Microlens Survey
200069794,C9 Microlens Survey
200069795,C9 Microlens Survey
200069796,C9 Microlens Survey
200069797,C9 Microlens Survey
200069798,C9 Microlens Survey
200069799,C9 Microlens Survey
200069800,C9 Microlens Survey
200069801,C9 Microlens Survey
200069802,C9 Microlens Survey
200069803,C9 Microlens Survey
200069804,C9 Microlens Survey
200069805,C9 Microlens Survey
200069806,C9 Microlens Survey
200069807,C9 Microlens Survey
200069808,C9 Microlens Survey
200069809,C9 Microlens Survey
200069810,C9 Microlens Survey
200069811,C9 Microlens Survey
200069812,C9 Microlens Survey
200069813,C9 Microlens Survey
200069814,C9 Microlens Survey
200069815,C9 Microlens Survey
200069816,C9 Microlens Survey
200069817,C9 Microlens Survey
200069818,C9 Microlens Survey
200069819,C9 Microlens Survey
200069820,C9 Microlens Survey
200069821,C9 Microlens Survey
200069822,C9 Microlens Survey
200069823,C9 Microlens Survey
200069824,C9 Microlens Survey
200069825,C9 Microlens Survey
200069826,C9 Microlens Survey
200069827,C9 Microlens Survey
200069828,C9 Microlens Survey
200069829,C9 Microlens Survey
200069830,C9 Microlens Survey
200069831,C9 Microlens Survey
200069832,C9 Microlens Survey
200069833,C9 Microlens Survey
200069834,C9 Microlens Survey
200069835,C9 Microlens Survey
200069836,C9 Microlens Survey
200069837,C9 Microlens Survey
200069838,C9 Microlens Survey
200069839,C9 Microlens Survey
200069840,C9 Microlens Survey
200069841,C9 Microlens Survey
200069842,C9 Microlens Survey
200069843,C9 Microlens Survey
200069844,C9 Microlens Survey
200069845,C9 Microlens Survey
200069846,C9 Microlens Survey
200069847,C9 Microlens Survey
200069848,C9 Microlens Survey
200069849,C9 Microlens Survey
200069850,C9 Microlens Survey
200069851,C9 Microlens Survey
200069852,C9 Microlens Survey
200069853,C9 Microlens Survey
200069854,C9 Microlens Survey
200069855,C9 Microlens Survey
200069856,C9 Microlens Survey
200069857,C9 Microlens Survey
200069858,C9 Microlens Survey
200069859,C9 Microlens Survey
200069860,C9 Microlens Survey
200069861,C9 Microlens Survey
200069862,C9 Microlens Survey
200069863,C9 Microlens Survey
200069864,C9 Microlens Survey
200069865,C9 Microlens Survey
200069866,C9 Microlens Survey
200069867,C9 Microlens Survey
200069868,C9 Microlens Survey
200069869,C9 Microlens Survey
200069870,C9 Microlens Survey
200069871,C9 Microlens Survey
200069872,C9 Microlens Survey
200069873,C9 Microlens Survey
200069874,C9 Microlens Survey
200069875,C9 Microlens Survey
200069876,C9 Microlens Survey
200069877,C9 Microlens Survey
200069878,C9 Microlens Survey
200069879,C9 Microlens Survey
200069880,C9 Microlens Survey
200069881,C9 Microlens Survey
200069882,C9 Microlens Survey
200069883,C9 Microlens Survey
200069884,C9 Microlens Survey
200069885,C9 Microlens Survey
200069886,C9 Microlens Survey
200069887,C9 Microlens Survey
200069888,C9 Microlens Survey
200069889,C9 Microlens Survey
200069890,C9 Microlens Survey
200069891,C9 Microlens Survey
200069892,C9 Microlens Survey
200069893,C9 Microlens Survey
200069894,C9 Microlens Survey
200069895,C9 Microlens Survey
200069896,C9 Microlens Survey
200069897,C9 Microlens Survey
200069898,C9 Microlens Survey
200069899,C9 Microlens Survey
200069900,C9 Microlens Survey
200069901,C9 Microlens Survey
200069902,C9 Microlens Survey
200069903,C9 Microlens Survey
200069904,C9 Microlens Survey
200069905,C9 Microlens Survey
200069906,C9 Microlens Survey
200069907,C9 Microlens Survey
200069908,C9 Microlens Survey
200069909,C9 Microlens Survey
200069910,C9 Microlens Survey
200069911,C9 Microlens Survey
200069912,C9 Microlens Survey
200069913,C9 Microlens Survey
200069914,C9 Microlens Survey
200069915,C9 Microlens Survey
200069916,C9 Microlens Survey
200069917,C9 Microlens Survey
200069918,C9 Microlens Survey
200069919,C9 Microlens Survey
200069920,C9 Microlens Survey
200069921,C9 Microlens Survey
200069922,C9 Microlens Survey
200069923,C9 Microlens Survey
200069924,C9 Microlens Survey
200069925,C9 Microlens Survey
200069926,C9 Microlens Survey
200069927,C9 Microlens Survey
200069928,C9 Microlens Survey
200069929,C9 Microlens Survey
200069930,C9 Microlens Survey
200069931,C9 Microlens Survey
200069932,C9 Microlens Survey
200069933,C9 Microlens Survey
200069934,C9 Microlens Survey
200069935,C9 Microlens Survey
200069936,C9 Microlens Survey
200069937,C9 Microlens Survey
200069938,C9 Microlens Survey
200069939,C9 Microlens Survey
200069940,C9 Microlens Survey
200069941,C9 Microlens Survey
200069942,C9 Microlens Survey
200069943,C9 Microlens Survey
200069944,C9 Microlens Survey
200069945,C9 Microlens Survey
200069946,C9 Microlens Survey
200069947,C9 Microlens Survey
200069948,C9 Microlens Survey
200069949,C9 Microlens Survey
200069950,C9 Microlens Survey
200069951,C9 Microlens Survey
200069952,C9 Microlens Survey
200069953,C9 Microlens Survey
200069954,C9 Microlens Survey
200069955,C9 Microlens Survey
200069956,C9 Microlens Survey
200069957,C9 Microlens Survey
200069958,C9 Microlens Survey
200069959,C9 Microlens Survey
200069960,C9 Microlens Survey
200069961,C9 Microlens Survey
200069962,C9 Microlens Survey
200069963,C9 Microlens Survey
200069964,C9 Microlens Survey
200069965,C9 Microlens Survey
200069966,C9 Microlens Survey
200069967,C9 Microlens Survey
200069968,C9 Microlens Survey
200069969,C9 Microlens Survey
200069970,C9 Microlens Survey
200069971,C9 Microlens Survey
200069972,C9 Microlens Survey
200069973,C9 Microlens Survey
200069974,C9 Microlens Survey
200069975,C9 Microlens Survey
200069976,C9 Microlens Survey
200069977,C9 Microlens Survey
200069978,C9 Microlens Survey
200069979,C9 Microlens Survey
200069980,C9 Microlens Survey
200069981,C9 Microlens Survey
200069982,C9 Microlens Survey
200069983,C9 Microlens Survey
200069984,C9 Microlens Survey
200069985,C9 Microlens Survey
200069986,C9 Microlens Survey
200069987,C9 Microlens Survey
200069988,C9 Microlens Survey
200069989,C9 Microlens Survey
200069990,C9 Microlens Survey
200069991,C9 Microlens Survey
200069992,C9 Microlens Survey
200069993,C9 Microlens Survey
200069994,C9 Microlens Survey
200069995,C9 Microlens Survey
200069996,C9 Microlens Survey
200069997,C9 Microlens Survey
200069998,C9 Microlens Survey
200069999,C9 Microlens Survey
200070000,C9 Microlens Survey
200070001,C9 Microlens Survey
200070002,C9 Microlens Survey
200070003,C9 Microlens Survey
200070004,C9 Microlens Survey
200070005,C9 Microlens Survey
200070006,C9 Microlens Survey
200070007,C9 Microlens Survey
200070008,C9 Microlens Survey
200070009,C9 Microlens Survey
200070010,C9 Microlens Survey
200070011,C9 Microlens Survey
200070012,C9 Microlens Survey
200070013,C9 Microlens Survey
200070014,C9 Microlens Survey
200070015,C9 Microlens Survey
200070016,C9 Microlens Survey
200070017,C9 Microlens Survey
200070018,C9 Microlens Survey
200070019,C9 Microlens Survey
200070020,C9 Microlens Survey
200070021,C9 Microlens Survey
200070022,C9 Microlens Survey
200070023,C9 Microlens Survey
200070024,C9 Microlens Survey
200070025,C9 Microlens Survey
200070026,C9 Microlens Survey
200070027,C9 Microlens Survey
200070028,C9 Microlens Survey
200070029,C9 Microlens Survey
200070030,C9 Microlens Survey
200070031,C9 Microlens Survey
200070032,C9 Microlens Survey
200070033,C9 Microlens Survey
200070034,C9 Microlens Survey
200070035,C9 Microlens Survey
200070036,C9 Microlens Survey
200070037,C9 Microlens Survey
200070038,C9 Microlens Survey
200070039,C9 Microlens Survey
200070040,C9 Microlens Survey
200070041,C9 Microlens Survey
200070042,C9 Microlens Survey
200070043,C9 Microlens Survey
200070044,C9 Microlens Survey
200070045,C9 Microlens Survey
200070046,C9 Microlens Survey
200070047,C9 Microlens Survey
200070048,C9 Microlens Survey
200070049,C9 Microlens Survey
200070050,C9 Microlens Survey
200070051,C9 Microlens Survey
200070052,C9 Microlens Survey
200070053,C9 Microlens Survey
200070054,C9 Microlens Survey
200070055,C9 Microlens Survey
200070056,C9 Microlens Survey
200070057,C9 Microlens Survey
200070058,C9 Microlens Survey
200070059,C9 Microlens Survey
200070060,C9 Microlens Survey
200070061,C9 Microlens Survey
200070062,C9 Microlens Survey
200070063,C9 Microlens Survey
200070064,C9 Microlens Survey
200070065,C9 Microlens Survey
200070066,C9 Microlens Survey
200070067,C9 Microlens Survey
200070068,C9 Microlens Survey
200070069,C9 Microlens Survey
200070070,C9 Microlens Survey
200070071,C9 Microlens Survey
200070072,C9 Microlens Survey
200070073,C9 Microlens Survey
200070074,C9 Microlens Survey
200070075,C9 Microlens Survey
200070076,C9 Microlens Survey
200070077,C9 Microlens Survey
200070078,C9 Microlens Survey
200070079,C9 Microlens Survey
200070080,C9 Microlens Survey
200070081,C9 Microlens Survey
200070082,C9 Microlens Survey
200070083,C9 Microlens Survey
200070084,C9 Microlens Survey
200070085,C9 Microlens Survey
200070086,C9 Microlens Survey
200070087,C9 Microlens Survey
200070088,C9 Microlens Survey
200070089,C9 Microlens Survey
200070090,C9 Microlens Survey
200070091,C9 Microlens Survey
200070092,C9 Microlens Survey
200070093,C9 Microlens Survey
200070094,C9 Microlens Survey
200070095,C9 Microlens Survey
200070096,C9 Microlens Survey
200070097,C9 Microlens Survey
200070098,C9 Microlens Survey
200070099,C9 Microlens Survey
200070100,C9 Microlens Survey
200070101,C9 Microlens Survey
200070102,C9 Microlens Survey
200070103,C9 Microlens Survey
200070104,C9 Microlens Survey
200070105,C9 Microlens Survey
200070106,C9 Microlens Survey
200070107,C9 Microlens Survey
200070108,C9 Microlens Survey
200070109,C9 Microlens Survey
200070110,C9 Microlens Survey
200070111,C9 Microlens Survey
200070112,C9 Microlens Survey
200070113,C9 Microlens Survey
200070114,C9 Microlens Survey
200070115,C9 Microlens Survey
200070116,C9 Microlens Survey
200070117,C9 Microlens Survey
200070118,C9 Microlens Survey
200070119,C9 Microlens Survey
200070120,C9 Microlens Survey
200070121,C9 Microlens Survey
200070122,C9 Microlens Survey
200070123,C9 Microlens Survey
200070124,C9 Microlens Survey
200070125,C9 Microlens Survey
200070126,C9 Microlens Survey
200070127,C9 Microlens Survey
200070128,C9 Microlens Survey
200070129,C9 Microlens Survey
200070130,C9 Microlens Survey
200070131,C9 Microlens Survey
200070132,C9 Microlens Survey
200070133,C9 Microlens Survey
200070134,C9 Microlens Survey
200070135,C9 Microlens Survey
200070136,C9 Microlens Survey
200070137,C9 Microlens Survey
200070138,C9 Microlens Survey
200070139,C9 Microlens Survey
200070140,C9 Microlens Survey
200070141,C9 Microlens Survey
200070142,C9 Microlens Survey
200070143,C9 Microlens Survey
200070144,C9 Microlens Survey
200070145,C9 Microlens Survey
200070146,C9 Microlens Survey
200070147,C9 Microlens Survey
200070148,C9 Microlens Survey
200070149,C9 Microlens Survey
200070150,C9 Microlens Survey
200070151,C9 Microlens Survey
200070152,C9 Microlens Survey
200070153,C9 Microlens Survey
200070154,C9 Microlens Survey
200070155,C9 Microlens Survey
200070156,C9 Microlens Survey
200070157,C9 Microlens Survey
200070158,C9 Microlens Survey
200070159,C9 Microlens Survey
200070160,C9 Microlens Survey
200070161,C9 Microlens Survey
200070162,C9 Microlens Survey
200070163,C9 Microlens Survey
200070164,C9 Microlens Survey
200070165,C9 Microlens Survey
200070166,C9 Microlens Survey
200070167,C9 Microlens Survey
200070168,C9 Microlens Survey
200070169,C9 Microlens Survey
200070170,C9 Microlens Survey
200070171,C9 Microlens Survey
200070172,C9 Microlens Survey
200070173,C9 Microlens Survey
200070174,C9 Microlens Survey
200070175,C9 Microlens Survey
200070176,C9 Microlens Survey
200070177,C9 Microlens Survey
200070178,C9 Microlens Survey
200070179,C9 Microlens Survey
200070180,C9 Microlens Survey
200070181,C9 Microlens Survey
200070182,C9 Microlens Survey
200070183,C9 Microlens Survey
200070184,C9 Microlens Survey
200070185,C9 Microlens Survey
200070186,C9 Microlens Survey
200070187,C9 Microlens Survey
200070188,C9 Microlens Survey
200070189,C9 Microlens Survey
200070190,C9 Microlens Survey
200070191,C9 Microlens Survey
200070192,C9 Microlens Survey
200070193,C9 Microlens Survey
200070194,C9 Microlens Survey
200070195,C9 Microlens Survey
200070196,C9 Microlens Survey
200070197,C9 Microlens Survey
200070198,C9 Microlens Survey
200070199,C9 Microlens Survey
200070200,C9 Microlens Survey
200070201,C9 Microlens Survey
200070202,C9 Microlens Survey
200070203,C9 Microlens Survey
200070204,C9 Microlens Survey
200070205,C9 Microlens Survey
200070206,C9 Microlens Survey
200070207,C9 Microlens Survey
200070208,C9 Microlens Survey
200070209,C9 Microlens Survey
200070210,C9 Microlens Survey
200070211,C9 Microlens Survey
200070212,C9 Microlens Survey
200070213,C9 Microlens Survey
200070214,C9 Microlens Survey
200070215,C9 Microlens Survey
200070216,C9 Microlens Survey
200070217,C9 Microlens Survey
200070218,C9 Microlens Survey
200070219,C9 Microlens Survey
200070220,C9 Microlens Survey
200070221,C9 Microlens Survey
200070222,C9 Microlens Survey
200070223,C9 Microlens Survey
200070224,C9 Microlens Survey
200070225,C9 Microlens Survey
200070226,C9 Microlens Survey
200070227,C9 Microlens Survey
200070228,C9 Microlens Survey
200070229,C9 Microlens Survey
200070230,C9 Microlens Survey
200070231,C9 Microlens Survey
200070232,C9 Microlens Survey
200070233,C9 Microlens Survey
200070234,C9 Microlens Survey
200070235,C9 Microlens Survey
200070236,C9 Microlens Survey
200070237,C9 Microlens Survey
200070238,C9 Microlens Survey
200070239,C9 Microlens Survey
200070240,C9 Microlens Survey
200070241,C9 Microlens Survey
200070242,C9 Microlens Survey
200070243,C9 Microlens Survey
200070244,C9 Microlens Survey
200070245,C9 Microlens Survey
200070246,C9 Microlens Survey
200070247,C9 Microlens Survey
200070248,C9 Microlens Survey
200070249,C9 Microlens Survey
200070250,C9 Microlens Survey
200070251,C9 Microlens Survey
200070252,C9 Microlens Survey
200070253,C9 Microlens Survey
200070254,C9 Microlens Survey
200070255,C9 Microlens Survey
200070256,C9 Microlens Survey
200070257,C9 Microlens Survey
200070258,C9 Microlens Survey
200070259,C9 Microlens Survey
200070260,C9 Microlens Survey
200070261,C9 Microlens Survey
200070262,C9 Microlens Survey
200070263,C9 Microlens Survey
200070264,C9 Microlens Survey
200070265,C9 Microlens Survey
200070266,C9 Microlens Survey
200070267,C9 Microlens Survey
200070268,C9 Microlens Survey
200070269,C9 Microlens Survey
200070270,C9 Microlens Survey
200070271,C9 Microlens Survey
200070272,C9 Microlens Survey
200070273,C9 Microlens Survey
200070274,C9 Microlens Survey
200070275,C9 Microlens Survey
200070276,C9 Microlens Survey
200070277,C9 Microlens Survey
200070278,C9 Microlens Survey
200070279,C9 Microlens Survey
200070280,C9 Microlens Survey
200070281,C9 Microlens Survey
200070282,C9 Microlens Survey
200070283,C9 Microlens Survey
200070284,C9 Microlens Survey
200070285,C9 Microlens Survey
200070286,C9 Microlens Survey
200070287,C9 Microlens Survey
200070288,C9 Microlens Survey
200070289,C9 Microlens Survey
200070290,C9 Microlens Survey
200070291,C9 Microlens Survey
200070292,C9 Microlens Survey
200070293,C9 Microlens Survey
200070294,C9 Microlens Survey
200070295,C9 Microlens Survey
200070296,C9 Microlens Survey
200070297,C9 Microlens Survey
200070298,C9 Microlens Survey
200070299,C9 Microlens Survey
200070300,C9 Microlens Survey
200070301,C9 Microlens Survey
200070302,C9 Microlens Survey
200070303,C9 Microlens Survey
200070304,C9 Microlens Survey
200070305,C9 Microlens Survey
200070306,C9 Microlens Survey
200070307,C9 Microlens Survey
200070308,C9 Microlens Survey
200070309,C9 Microlens Survey
200070310,C9 Microlens Survey
200070311,C9 Microlens Survey
200070312,C9 Microlens Survey
200070313,C9 Microlens Survey
200070314,C9 Microlens Survey
200070315,C9 Microlens Survey
200070316,C9 Microlens Survey
200070317,C9 Microlens Survey
200070318,C9 Microlens Survey
200070319,C9 Microlens Survey
200070320,C9 Microlens Survey
200070321,C9 Microlens Survey
200070322,C9 Microlens Survey
200070323,C9 Microlens Survey
200070324,C9 Microlens Survey
200070325,C9 Microlens Survey
200070326,C9 Microlens Survey
200070327,C9 Microlens Survey
200070328,C9 Microlens Survey
200070329,C9 Microlens Survey
200070330,C9 Microlens Survey
200070331,C9 Microlens Survey
200070332,C9 Microlens Survey
200070333,C9 Microlens Survey
200070334,C9 Microlens Survey
200070335,C9 Microlens Survey
200070336,C9 Microlens Survey
200070337,C9 Microlens Survey
200070338,C9 Microlens Survey
200070339,C9 Microlens Survey
200070340,C9 Microlens Survey
200070341,C9 Microlens Survey
200070342,C9 Microlens Survey
200070343,C9 Microlens Survey
200070344,C9 Microlens Survey
200070345,C9 Microlens Survey
200070346,C9 Microlens Survey
200070347,C9 Microlens Survey
200070348,C9 Microlens Survey
200070349,C9 Microlens Survey
200070350,C9 Microlens Survey
200070351,C9 Microlens Survey
200070352,C9 Microlens Survey
200070353,C9 Microlens Survey
200070354,C9 Microlens Survey
200070355,C9 Microlens Survey
200070356,C9 Microlens Survey
200070357,C9 Microlens Survey
200070358,C9 Microlens Survey
200070359,C9 Microlens Survey
200070360,C9 Microlens Survey
200070361,C9 Microlens Survey
200070362,C9 Microlens Survey
200070363,C9 Microlens Survey
200070364,C9 Microlens Survey
200070365,C9 Microlens Survey
200070366,C9 Microlens Survey
200070367,C9 Microlens Survey
200070368,C9 Microlens Survey
200070369,C9 Microlens Survey
200070370,C9 Microlens Survey
200070371,C9 Microlens Survey
200070372,C9 Microlens Survey
200070373,C9 Microlens Survey
200070374,C9 Microlens Survey
200070375,C9 Microlens Survey
200070376,C9 Microlens Survey
200070377,C9 Microlens Survey
200070378,C9 Microlens Survey
200070379,C9 Microlens Survey
200070380,C9 Microlens Survey
200070381,C9 Microlens Survey
200070382,C9 Microlens Survey
200070383,C9 Microlens Survey
200070384,C9 Microlens Survey
200070385,C9 Microlens Survey
200070386,C9 Microlens Survey
200070387,C9 Microlens Survey
200070388,C9 Microlens Survey
200070389,C9 Microlens Survey
200070390,C9 Microlens Survey
200070391,C9 Microlens Survey
200070392,C9 Microlens Survey
200070393,C9 Microlens Survey
200070394,C9 Microlens Survey
200070395,C9 Microlens Survey
200070396,C9 Microlens Survey
200070397,C9 Microlens Survey
200070398,C9 Microlens Survey
200070399,C9 Microlens Survey
200070400,C9 Microlens Survey
200070401,C9 Microlens Survey
200070402,C9 Microlens Survey
200070403,C9 Microlens Survey
200070404,C9 Microlens Survey
200070405,C9 Microlens Survey
200070406,C9 Microlens Survey
200070407,C9 Microlens Survey
200070408,C9 Microlens Survey
200070409,C9 Microlens Survey
200070410,C9 Microlens Survey
200070411,C9 Microlens Survey
200070412,C9 Microlens Survey
200070413,C9 Microlens Survey
200070414,C9 Microlens Survey
200070415,C9 Microlens Survey
200070416,C9 Microlens Survey
200070417,C9 Microlens Survey
200070418,C9 Microlens Survey
200070419,C9 Microlens Survey
200070420,C9 Microlens Survey
200070421,C9 Microlens Survey
200070422,C9 Microlens Survey
200070423,C9 Microlens Survey
200070424,C9 Microlens Survey
200070425,C9 Microlens Survey
200070426,C9 Microlens Survey
200070427,C9 Microlens Survey
200070428,C9 Microlens Survey
200070429,C9 Microlens Survey
200070430,C9 Microlens Survey
200070431,C9 Microlens Survey
200070432,C9 Microlens Survey
200070433,C9 Microlens Survey
200070434,C9 Microlens Survey
200070435,C9 Microlens Survey
200070436,C9 Microlens Survey
200070437,C9 Microlens Survey
200070438,C9 Microlens Survey
200070439,C9 Microlens Survey
200070440,C9 Microlens Survey
200070441,C9 Microlens Survey
200070442,C9 Microlens Survey
200070443,C9 Microlens Survey
200070444,C9 Microlens Survey
200070445,C9 Microlens Survey
200070446,C9 Microlens Survey
200070447,C9 Microlens Survey
200070448,C9 Microlens Survey
200070449,C9 Microlens Survey
200070450,C9 Microlens Survey
200070451,C9 Microlens Survey
200070452,C9 Microlens Survey
200070453,C9 Microlens Survey
200070454,C9 Microlens Survey
200070455,C9 Microlens Survey
200070456,C9 Microlens Survey
200070457,C9 Microlens Survey
200070458,C9 Microlens Survey
200070459,C9 Microlens Survey
200070460,C9 Microlens Survey
200070461,C9 Microlens Survey
200070462,C9 Microlens Survey
200070463,C9 Microlens Survey
200070464,C9 Microlens Survey
200070465,C9 Microlens Survey
200070466,C9 Microlens Survey
200070467,C9 Microlens Survey
200070468,C9 Microlens Survey
200070469,C9 Microlens Survey
200070470,C9 Microlens Survey
200070471,C9 Microlens Survey
200070472,C9 Microlens Survey
200070473,C9 Microlens Survey
200070474,C9 Microlens Survey
200070475,C9 Microlens Survey
200070476,C9 Microlens Survey
200070477,C9 Microlens Survey
200070478,C9 Microlens Survey
200070479,C9 Microlens Survey
200070480,C9 Microlens Survey
200070481,C9 Microlens Survey
200070482,C9 Microlens Survey
200070483,C9 Microlens Survey
200070484,C9 Microlens Survey
200070485,C9 Microlens Survey
200070486,C9 Microlens Survey
200070487,C9 Microlens Survey
200070488,C9 Microlens Survey
200070489,C9 Microlens Survey
200070490,C9 Microlens Survey
200070491,C9 Microlens Survey
200070492,C9 Microlens Survey
200070493,C9 Microlens Survey
200070494,C9 Microlens Survey
200070495,C9 Microlens Survey
200070496,C9 Microlens Survey
200070497,C9 Microlens Survey
200070498,C9 Microlens Survey
200070499,C9 Microlens Survey
200070500,C9 Microlens Survey
200070501,C9 Microlens Survey
200070502,C9 Microlens Survey
200070503,C9 Microlens Survey
200070504,C9 Microlens Survey
200070505,C9 Microlens Survey
200070506,C9 Microlens Survey
200070507,C9 Microlens Survey
200070508,C9 Microlens Survey
200070509,C9 Microlens Survey
200070510,C9 Microlens Survey
200070511,C9 Microlens Survey
200070512,C9 Microlens Survey
200070513,C9 Microlens Survey
200070514,C9 Microlens Survey
200070515,C9 Microlens Survey
200070516,C9 Microlens Survey
200070517,C9 Microlens Survey
200070518,C9 Microlens Survey
200070519,C9 Microlens Survey
200070520,C9 Microlens Survey
200070521,C9 Microlens Survey
200070522,C9 Microlens Survey
200070523,C9 Microlens Survey
200070524,C9 Microlens Survey
200070525,C9 Microlens Survey
200070526,C9 Microlens Survey
200070527,C9 Microlens Survey
200070528,C9 Microlens Survey
200070529,C9 Microlens Survey
200070530,C9 Microlens Survey
200070531,C9 Microlens Survey
200070532,C9 Microlens Survey
200070533,C9 Microlens Survey
200070534,C9 Microlens Survey
200070535,C9 Microlens Survey
200070536,C9 Microlens Survey
200070537,C9 Microlens Survey
200070538,C9 Microlens Survey
200070539,C9 Microlens Survey
200070540,C9 Microlens Survey
200070541,C9 Microlens Survey
200070542,C9 Microlens Survey
200070543,C9 Microlens Survey
200070544,C9 Microlens Survey
200070545,C9 Microlens Survey
200070546,C9 Microlens Survey
200070547,C9 Microlens Survey
200070548,C9 Microlens Survey
200070549,C9 Microlens Survey
200070550,C9 Microlens Survey
200070551,C9 Microlens Survey
200070552,C9 Microlens Survey
200070553,C9 Microlens Survey
200070554,C9 Microlens Survey
200070555,C9 Microlens Survey
200070556,C9 Microlens Survey
200070557,C9 Microlens Survey
200070558,C9 Microlens Survey
200070559,C9 Microlens Survey
200070560,C9 Microlens Survey
200070561,C9 Microlens Survey
200070562,C9 Microlens Survey
200070563,C9 Microlens Survey
200070564,C9 Microlens Survey
200070565,C9 Microlens Survey
200070566,C9 Microlens Survey
200070567,C9 Microlens Survey
200070568,C9 Microlens Survey
200070569,C9 Microlens Survey
200070570,C9 Microlens Survey
200070571,C9 Microlens Survey
200070572,C9 Microlens Survey
200070573,C9 Microlens Survey
200070574,C9 Microlens Survey
200070575,C9 Microlens Survey
200070576,C9 Microlens Survey
200070577,C9 Microlens Survey
200070578,C9 Microlens Survey
200070579,C9 Microlens Survey
200070580,C9 Microlens Survey
200070581,C9 Microlens Survey
200070582,C9 Microlens Survey
200070583,C9 Microlens Survey
200070584,C9 Microlens Survey
200070585,C9 Microlens Survey
200070586,C9 Microlens Survey
200070587,C9 Microlens Survey
200070588,C9 Microlens Survey
200070589,C9 Microlens Survey
200070590,C9 Microlens Survey
200070591,C9 Microlens Survey
200070592,C9 Microlens Survey
200070593,C9 Microlens Survey
200070594,C9 Microlens Survey
200070595,C9 Microlens Survey
200070596,C9 Microlens Survey
200070597,C9 Microlens Survey
200070598,C9 Microlens Survey
200070599,C9 Microlens Survey
200070600,C9 Microlens Survey
200070601,C9 Microlens Survey
200070602,C9 Microlens Survey
200070603,C9 Microlens Survey
200070604,C9 Microlens Survey
200070605,C9 Microlens Survey
200070606,C9 Microlens Survey
200070607,C9 Microlens Survey
200070608,C9 Microlens Survey
200070609,C9 Microlens Survey
200070610,C9 Microlens Survey
200070611,C9 Microlens Survey
200070612,C9 Microlens Survey
200070613,C9 Microlens Survey
200070614,C9 Microlens Survey
200070615,C9 Microlens Survey
200070616,C9 Microlens Survey
200070617,C9 Microlens Survey
200070618,C9 Microlens Survey
200070619,C9 Microlens Survey
200070620,C9 Microlens Survey
200070621,C9 Microlens Survey
200070622,C9 Microlens Survey
200070623,C9 Microlens Survey
200070624,C9 Microlens Survey
200070625,C9 Microlens Survey
200070626,C9 Microlens Survey
200070627,C9 Microlens Survey
200070628,C9 Microlens Survey
200070629,C9 Microlens Survey
200070630,C9 Microlens Survey
200070631,C9 Microlens Survey
200070632,C9 Microlens Survey
200070633,C9 Microlens Survey
200070634,C9 Microlens Survey
200070635,C9 Microlens Survey
200070636,C9 Microlens Survey
200070637,C9 Microlens Survey
200070638,C9 Microlens Survey
200070639,C9 Microlens Survey
200070640,C9 Microlens Survey
200070641,C9 Microlens Survey
200070642,C9 Microlens Survey
200070643,C9 Microlens Survey
200070644,C9 Microlens Survey
200070645,C9 Microlens Survey
200070646,C9 Microlens Survey
200070647,C9 Microlens Survey
200070648,C9 Microlens Survey
200070649,C9 Microlens Survey
200070650,C9 Microlens Survey
200070651,C9 Microlens Survey
200070652,C9 Microlens Survey
200070653,C9 Microlens Survey
200070654,C9 Microlens Survey
200070655,C9 Microlens Survey
200070656,C9 Microlens Survey
200070657,C9 Microlens Survey
200070658,C9 Microlens Survey
200070659,C9 Microlens Survey
200070660,C9 Microlens Survey
200070661,C9 Microlens Survey
200070662,C9 Microlens Survey
200070663,C9 Microlens Survey
200070664,C9 Microlens Survey
200070665,C9 Microlens Survey
200070666,C9 Microlens Survey
200070667,C9 Microlens Survey
200070668,C9 Microlens Survey
200070669,C9 Microlens Survey
200070670,C9 Microlens Survey
200070671,C9 Microlens Survey
200070672,C9 Microlens Survey
200070673,C9 Microlens Survey
200070674,C9 Microlens Survey
200070675,C9 Microlens Survey
200070676,C9 Microlens Survey
200070677,C9 Microlens Survey
200070678,C9 Microlens Survey
200070679,C9 Microlens Survey
200070680,C9 Microlens Survey
200070681,C9 Microlens Survey
200070682,C9 Microlens Survey
200070683,C9 Microlens Survey
200070684,C9 Microlens Survey
200070685,C9 Microlens Survey
200070686,C9 Microlens Survey
200070687,C9 Microlens Survey
200070688,C9 Microlens Survey
200070689,C9 Microlens Survey
200070690,C9 Microlens Survey
200070691,C9 Microlens Survey
200070692,C9 Microlens Survey
200070693,C9 Microlens Survey
200070694,C9 Microlens Survey
200070695,C9 Microlens Survey
200070696,C9 Microlens Survey
200070697,C9 Microlens Survey
200070698,C9 Microlens Survey
200070699,C9 Microlens Survey
200070700,C9 Microlens Survey
200070701,C9 Microlens Survey
200070702,C9 Microlens Survey
200070703,C9 Microlens Survey
200070704,C9 Microlens Survey
200070705,C9 Microlens Survey
200070706,C9 Microlens Survey
200070707,C9 Microlens Survey
200070708,C9 Microlens Survey
200070709,C9 Microlens Survey
200070710,C9 Microlens Survey
200070711,C9 Microlens Survey
200070712,C9 Microlens Survey
200070713,C9 Microlens Survey
200070714,C9 Microlens Survey
200070715,C9 Microlens Survey
200070716,C9 Microlens Survey
200070717,C9 Microlens Survey
200070718,C9 Microlens Survey
200070719,C9 Microlens Survey
200070720,C9 Microlens Survey
200070721,C9 Microlens Survey
200070722,C9 Microlens Survey
200070723,C9 Microlens Survey
200070724,C9 Microlens Survey
200070725,C9 Microlens Survey
200070726,C9 Microlens Survey
200070727,C9 Microlens Survey
200070728,C9 Microlens Survey
200070729,C9 Microlens Survey
200070730,C9 Microlens Survey
200070731,C9 Microlens Survey
200070732,C9 Microlens Survey
200070733,C9 Microlens Survey
200070734,C9 Microlens Survey
200070735,C9 Microlens Survey
200070736,C9 Microlens Survey
200070737,C9 Microlens Survey
200070738,C9 Microlens Survey
200070739,C9 Microlens Survey
200070740,C9 Microlens Survey
200070741,C9 Microlens Survey
200070742,C9 Microlens Survey
200070743,C9 Microlens Survey
200070744,C9 Microlens Survey
200070745,C9 Microlens Survey
200070746,C9 Microlens Survey
200070747,C9 Microlens Survey
200070748,C9 Microlens Survey
200070749,C9 Microlens Survey
200070750,C9 Microlens Survey
200070751,C9 Microlens Survey
200070752,C9 Microlens Survey
200070753,C9 Microlens Survey
200070754,C9 Microlens Survey
200070755,C9 Microlens Survey
200070756,C9 Microlens Survey
200070757,C9 Microlens Survey
200070758,C9 Microlens Survey
200070759,C9 Microlens Survey
200070760,C9 Microlens Survey
200070761,C9 Microlens Survey
200070762,C9 Microlens Survey
200070763,C9 Microlens Survey
200070764,C9 Microlens Survey
200070765,C9 Microlens Survey
200070766,C9 Microlens Survey
200070767,C9 Microlens Survey
200070768,C9 Microlens Survey
200070769,C9 Microlens Survey
200070770,C9 Microlens Survey
200070771,C9 Microlens Survey
200070772,C9 Microlens Survey
200070773,C9 Microlens Survey
200070774,C9 Microlens Survey
200070775,C9 Microlens Survey
200070776,C9 Microlens Survey
200070777,C9 Microlens Survey
200070778,C9 Microlens Survey
200070779,C9 Microlens Survey
200070780,C9 Microlens Survey
200070781,C9 Microlens Survey
200070782,C9 Microlens Survey
200070783,C9 Microlens Survey
200070784,C9 Microlens Survey
200070785,C9 Microlens Survey
200070786,C9 Microlens Survey
200070787,C9 Microlens Survey
200070788,C9 Microlens Survey
200070789,C9 Microlens Survey
200070790,C9 Microlens Survey
200070791,C9 Microlens Survey
200070792,C9 Microlens Survey
200070793,C9 Microlens Survey
200070794,C9 Microlens Survey
200070795,C9 Microlens Survey
200070796,C9 Microlens Survey
200070797,C9 Microlens Survey
200070798,C9 Microlens Survey
200070799,C9 Microlens Survey
200070800,C9 Microlens Survey
200070801,C9 Microlens Survey
200070802,C9 Microlens Survey
200070803,C9 Microlens Survey
200070804,C9 Microlens Survey
200070805,C9 Microlens Survey
200070806,C9 Microlens Survey
200070807,C9 Microlens Survey
200070808,C9 Microlens Survey
200070809,C9 Microlens Survey
200070810,C9 Microlens Survey
200070811,C9 Microlens Survey
200070812,C9 Microlens Survey
200070813,C9 Microlens Survey
200070814,C9 Microlens Survey
200070815,C9 Microlens Survey
200070816,C9 Microlens Survey
200070817,C9 Microlens Survey
200070818,C9 Microlens Survey
200070819,C9 Microlens Survey
200070820,C9 Microlens Survey
200070821,C9 Microlens Survey
200070822,C9 Microlens Survey
200070823,C9 Microlens Survey
200070824,C9 Microlens Survey
200070825,C9 Microlens Survey
200070826,C9 Microlens Survey
200070827,C9 Microlens Survey
200070828,C9 Microlens Survey
200070829,C9 Microlens Survey
200070830,C9 Microlens Survey
200070831,C9 Microlens Survey
200070832,C9 Microlens Survey
200070833,C9 Microlens Survey
200070834,C9 Microlens Survey
200070835,C9 Microlens Survey
200070836,C9 Microlens Survey
200070837,C9 Microlens Survey
200070838,C9 Microlens Survey
200070839,C9 Microlens Survey
200070840,C9 Microlens Survey
200070841,C9 Microlens Survey
200070842,C9 Microlens Survey
200070843,C9 Microlens Survey
200070844,C9 Microlens Survey
200070845,C9 Microlens Survey
200070846,C9 Microlens Survey
200070847,C9 Microlens Survey
200070848,C9 Microlens Survey
200070849,C9 Microlens Survey
200070850,C9 Microlens Survey
200070851,C9 Microlens Survey
200070852,C9 Microlens Survey
200070853,C9 Microlens Survey
200070854,C9 Microlens Survey
200070855,C9 Microlens Survey
200070856,C9 Microlens Survey
200070857,C9 Microlens Survey
200070858,C9 Microlens Survey
200070859,C9 Microlens Survey
200070860,C9 Microlens Survey
200070861,C9 Microlens Survey
200070862,C9 Microlens Survey
200070863,C9 Microlens Survey
200070864,C9 Microlens Survey
200070865,C9 Microlens Survey
200070866,C9 Microlens Survey
200070867,C9 Microlens Survey
200070868,C9 Microlens Survey
200070869,C9 Microlens Survey
200070870,C9 Microlens Survey
200070871,C9 Microlens Survey
200070872,C9 Microlens Survey
200070873,C9 Microlens Survey
200070874,C9 Microlens Survey
200070875,C9 Microlens Survey
200070876,C9 Microlens Survey
200070877,C9 Microlens Survey
200070878,C9 Microlens Survey
200070879,C9 Microlens Survey
200070880,C9 Microlens Survey
200070881,C9 Microlens Survey
200070882,C9 Microlens Survey
200070883,C9 Microlens Survey
200070884,C9 Microlens Survey
200070885,C9 Microlens Survey
200070886,C9 Microlens Survey
200070887,C9 Microlens Survey
200070888,C9 Microlens Survey
200070889,C9 Microlens Survey
200070890,C9 Microlens Survey
200070891,C9 Microlens Survey
200070892,C9 Microlens Survey
200070893,C9 Microlens Survey
200070894,C9 Microlens Survey
200070895,C9 Microlens Survey
200070896,C9 Microlens Survey
200070897,C9 Microlens Survey
200070898,C9 Microlens Survey
200070899,C9 Microlens Survey
200070900,C9 Microlens Survey
200070901,C9 Microlens Survey
200070902,C9 Microlens Survey
200070903,C9 Microlens Survey
200070904,C9 Microlens Survey
200070905,C9 Microlens Survey
200070906,C9 Microlens Survey
200070907,C9 Microlens Survey
200070908,C9 Microlens Survey
200070909,C9 Microlens Survey
200070910,C9 Microlens Survey
200070911,C9 Microlens Survey
200070912,C9 Microlens Survey
200070913,C9 Microlens Survey
200070914,C9 Microlens Survey
200070915,C9 Microlens Survey
200070916,C9 Microlens Survey
200070917,C9 Microlens Survey
200070918,C9 Microlens Survey
200070919,C9 Microlens Survey
200070920,C9 Microlens Survey
200070921,C9 Microlens Survey
200070922,C9 Microlens Survey
200070923,C9 Microlens Survey
200070924,C9 Microlens Survey
200070925,C9 Microlens Survey
200070926,C9 Microlens Survey
200070927,C9 Microlens Survey
200070928,C9 Microlens Survey
200070929,C9 Microlens Survey
200070930,C9 Microlens Survey
200070931,C9 Microlens Survey
200070932,C9 Microlens Survey
200070933,C9 Microlens Survey
200070934,C9 Microlens Survey
200070935,C9 Microlens Survey
200070936,C9 Microlens Survey
200070937,C9 Microlens Survey
200070938,C9 Microlens Survey
200070939,C9 Microlens Survey
200070940,C9 Microlens Survey
200070941,C9 Microlens Survey
200070942,C9 Microlens Survey
200070943,C9 Microlens Survey
200070944,C9 Microlens Survey
200070945,C9 Microlens Survey
200070946,C9 Microlens Survey
200070947,C9 Microlens Survey
200070948,C9 Microlens Survey
200070949,C9 Microlens Survey
200070950,C9 Microlens Survey
200070951,C9 Microlens Survey
200070952,C9 Microlens Survey
200070953,C9 Microlens Survey
200070954,C9 Microlens Survey
200070955,C9 Microlens Survey
200070956,C9 Microlens Survey
200070957,C9 Microlens Survey
200070958,C9 Microlens Survey
200070959,C9 Microlens Survey
200070960,C9 Microlens Survey
200070961,C9 Microlens Survey
200070962,C9 Microlens Survey
200070963,C9 Microlens Survey
200070964,C9 Microlens Survey
200070965,C9 Microlens Survey
200070966,C9 Microlens Survey
200070967,C9 Microlens Survey
200070968,C9 Microlens Survey
200070969,C9 Microlens Survey
200070970,C9 Microlens Survey
200070971,C9 Microlens Survey
200070972,C9 Microlens Survey
200070973,C9 Microlens Survey
200070974,C9 Microlens Survey
200070975,C9 Microlens Survey
200070976,C9 Microlens Survey
200070977,C9 Microlens Survey
200070978,C9 Microlens Survey
200070979,C9 Microlens Survey
200070980,C9 Microlens Survey
200070981,C9 Microlens Survey
200070982,C9 Microlens Survey
200070983,C9 Microlens Survey
200070984,C9 Microlens Survey
200070985,C9 Microlens Survey
200070986,C9 Microlens Survey
200070987,C9 Microlens Survey
200070988,C9 Microlens Survey
200070989,C9 Microlens Survey
200070990,C9 Microlens Survey
200070991,C9 Microlens Survey
200070992,C9 Microlens Survey
200070993,C9 Microlens Survey
200070994,C9 Microlens Survey
200070995,C9 Microlens Survey
200070996,C9 Microlens Survey
200070997,C9 Microlens Survey
200070998,C9 Microlens Survey
200070999,C9 Microlens Survey
200071000,C9 Microlens Survey
200071001,C9 Microlens Survey
200071002,C9 Microlens Survey
200071003,C9 Microlens Survey
200071004,C9 Microlens Survey
200071005,C9 Microlens Survey
200071006,C9 Microlens Survey
200071007,C9 Microlens Survey
200071008,C9 Microlens Survey
200071009,C9 Microlens Survey
200071010,C9 Microlens Survey
200071011,C9 Microlens Survey
200071012,C9 Microlens Survey
200071013,C9 Microlens Survey
200071014,C9 Microlens Survey
200071015,C9 Microlens Survey
200071016,C9 Microlens Survey
200071017,C9 Microlens Survey
200071018,C9 Microlens Survey
200071019,C9 Microlens Survey
200071020,C9 Microlens Survey
200071021,C9 Microlens Survey
200071022,C9 Microlens Survey
200071023,C9 Microlens Survey
200071024,C9 Microlens Survey
200071025,C9 Microlens Survey
200071026,C9 Microlens Survey
200071027,C9 Microlens Survey
200071028,C9 Microlens Survey
200071029,C9 Microlens Survey
200071030,C9 Microlens Survey
200071031,C9 Microlens Survey
200071032,C9 Microlens Survey
200071033,C9 Microlens Survey
200071034,C9 Microlens Survey
200071035,C9 Microlens Survey
200071036,C9 Microlens Survey
200071037,C9 Microlens Survey
200071038,C9 Microlens Survey
200071039,C9 Microlens Survey
200071040,C9 Microlens Survey
200071041,C9 Microlens Survey
200071042,C9 Microlens Survey
200071043,C9 Microlens Survey
200071044,C9 Microlens Survey
200071045,C9 Microlens Survey
200071046,C9 Microlens Survey
200071047,C9 Microlens Survey
200071048,C9 Microlens Survey
200071049,C9 Microlens Survey
200071050,C9 Microlens Survey
200071051,C9 Microlens Survey
200071052,C9 Microlens Survey
200071053,C9 Microlens Survey
200071054,C9 Microlens Survey
200071055,C9 Microlens Survey
200071056,C9 Microlens Survey
200071057,C9 Microlens Survey
200071058,C9 Microlens Survey
200071059,C9 Microlens Survey
200071060,C9 Microlens Survey
200071061,C9 Microlens Survey
200071062,C9 Microlens Survey
200071063,C9 Microlens Survey
200071064,C9 Microlens Survey
200071065,C9 Microlens Survey
200071066,C9 Microlens Survey
200071067,C9 Microlens Survey
200071068,C9 Microlens Survey
200071069,C9 Microlens Survey
200071070,C9 Microlens Survey
200071071,C9 Microlens Survey
200071072,C9 Microlens Survey
200071073,C9 Microlens Survey
200071074,C9 Microlens Survey
200071075,C9 Microlens Survey
200071076,C9 Microlens Survey
200071077,C9 Microlens Survey
200071078,C9 Microlens Survey
200071079,C9 Microlens Survey
200071080,C9 Microlens Survey
200071081,C9 Microlens Survey
200071082,C9 Microlens Survey
200071083,C9 Microlens Survey
200071084,C9 Microlens Survey
200071085,C9 Microlens Survey
200071086,C9 Microlens Survey
200071087,C9 Microlens Survey
200071088,C9 Microlens Survey
200071089,C9 Microlens Survey
200071090,C9 Microlens Survey
200071091,C9 Microlens Survey
200071092,C9 Microlens Survey
200071093,C9 Microlens Survey
200071094,C9 Microlens Survey
200071095,C9 Microlens Survey
200071096,C9 Microlens Survey
200071097,C9 Microlens Survey
200071098,C9 Microlens Survey
200071099,C9 Microlens Survey
200071100,C9 Microlens Survey
200071101,C9 Microlens Survey
200071102,C9 Microlens Survey
200071103,C9 Microlens Survey
200071104,C9 Microlens Survey
200071105,C9 Microlens Survey
200071106,C9 Microlens Survey
200071107,C9 Microlens Survey
200071108,C9 Microlens Survey
200071109,C9 Microlens Survey
200071110,C9 Microlens Survey
200071111,C9 Microlens Survey
200071112,C9 Microlens Survey
200071113,C9 Microlens Survey
200071114,C9 Microlens Survey
200071115,C9 Microlens Survey
200071116,C9 Microlens Survey
200071117,C9 Microlens Survey
200071118,C9 Microlens Survey
200071119,C9 Microlens Survey
200071120,C9 Microlens Survey
200071121,C9 Microlens Survey
200071122,C9 Microlens Survey
200071123,C9 Microlens Survey
200071124,C9 Microlens Survey
200071125,C9 Microlens Survey
200071126,C9 Microlens Survey
200071127,C9 Microlens Survey
200071128,C9 Microlens Survey
200071129,C9 Microlens Survey
200071130,C9 Microlens Survey
200071131,C9 Microlens Survey
200071132,C9 Microlens Survey
200071133,C9 Microlens Survey
200071134,C9 Microlens Survey
200071135,C9 Microlens Survey
200071136,C9 Microlens Survey
200071137,C9 Microlens Survey
200071138,C9 Microlens Survey
200071139,C9 Microlens Survey
200071140,C9 Microlens Survey
200071141,C9 Microlens Survey
200071142,C9 Microlens Survey
200071143,C9 Microlens Survey
200071144,C9 Microlens Survey
200071145,C9 Microlens Survey
200071146,C9 Microlens Survey
200071147,C9 Microlens Survey
200071148,C9 Microlens Survey
200071149,C9 Microlens Survey
200071150,C9 Microlens Survey
200071151,C9 Microlens Survey
200071152,C9 Microlens Survey
200071153,C9 Microlens Survey
200071154,C9 Microlens Survey
200071155,C9 Microlens Survey
200071156,C9 Microlens Survey
200071157,C9 Microlens Survey
200071158,C9 Microlens Survey
225747586,Bright Custom
200071160,M8 Lagoon Nebula
200071161,M8 Lagoon Nebula
200071162,M8 Lagoon Nebula
200071163,M8 Lagoon Nebula
200071164,M8 Lagoon Nebula
200071165,M8 Lagoon Nebula
200071166,M8 Lagoon Nebula
200071167,M8 Lagoon Nebula
200071168,M8 Lagoon Nebula
200071169,M8 Lagoon Nebula
200071170,M8 Lagoon Nebula
200071171,M8 Lagoon Nebula
200071172,M8 Lagoon Nebula
200071173,M8 Lagoon Nebula
200071174,M8 Lagoon Nebula
200071175,M8 Lagoon Nebula
200071176,M8 Lagoon Nebula
200071177,M8 Lagoon Nebula
200071178,M8 Lagoon Nebula
200071179,M8 Lagoon Nebula
200071342,OGLE-2016-BLG-0021
200071343,OGLE-2016-BLG-0021
200071344,OGLE-2016-BLG-0021
200071345,OGLE-2016-BLG-0021
200071346,OGLE-2016-BLG-0021
200071347,OGLE-2016-BLG-0022
200071348,OGLE-2016-BLG-0022
200071349,OGLE-2016-BLG-0022
200071350,OGLE-2016-BLG-0022
200071351,OGLE-2016-BLG-0022
200071352,OGLE-2016-BLG-0027
200071353,OGLE-2016-BLG-0027
200071354,OGLE-2016-BLG-0027
200071355,OGLE-2016-BLG-0027
200071356,OGLE-2016-BLG-0027
200071357,OGLE-2016-BLG-0037
200071358,OGLE-2016-BLG-0037
200071359,OGLE-2016-BLG-0037
200071360,OGLE-2016-BLG-0037
200071361,OGLE-2016-BLG-0037
200071362,OGLE-2016-BLG-0053
200071363,OGLE-2016-BLG-0053
200071364,OGLE-2016-BLG-0053
200071365,OGLE-2016-BLG-0053
200071366,OGLE-2016-BLG-0053
200071367,OGLE-2016-BLG-0066
200071368,OGLE-2016-BLG-0066
200071369,OGLE-2016-BLG-0066
200071370,OGLE-2016-BLG-0066
200071371,OGLE-2016-BLG-0066
200071372,OGLE-2016-BLG-0078
200071373,OGLE-2016-BLG-0078
200071374,OGLE-2016-BLG-0078
200071375,OGLE-2016-BLG-0078
200071376,OGLE-2016-BLG-0078
200071377,MOA-2016-BLG-023
200071378,MOA-2016-BLG-023
200071379,MOA-2016-BLG-023
200071380,MOA-2016-BLG-023
200071381,OGLE-2016-BLG-0082
200071382,OGLE-2016-BLG-0082
200071383,OGLE-2016-BLG-0082
200071384,OGLE-2016-BLG-0082
200071385,OGLE-2016-BLG-0082
200071386,OGLE-2016-BLG-0083
200071387,OGLE-2016-BLG-0083
200071388,OGLE-2016-BLG-0083
200071389,OGLE-2016-BLG-0083
200071390,OGLE-2016-BLG-0083
200071391,OGLE-2016-BLG-0086
200071392,OGLE-2016-BLG-0086
200071393,OGLE-2016-BLG-0086
200071394,OGLE-2016-BLG-0086
200071395,OGLE-2016-BLG-0086
200071396,OGLE-2016-BLG-0091
200071397,OGLE-2016-BLG-0091
200071398,OGLE-2016-BLG-0091
200071399,OGLE-2016-BLG-0091
200071400,OGLE-2016-BLG-0114
200071401,OGLE-2016-BLG-0114
200071402,OGLE-2016-BLG-0114
200071403,OGLE-2016-BLG-0114
200071404,OGLE-2016-BLG-0114
200071405,OGLE-2016-BLG-0122
200071406,OGLE-2016-BLG-0122
200071407,OGLE-2016-BLG-0122
200071408,OGLE-2016-BLG-0122
200071409,OGLE-2016-BLG-0122
200071410,OGLE-2016-BLG-0127
200071411,OGLE-2016-BLG-0127
200071412,OGLE-2016-BLG-0127
200071413,OGLE-2016-BLG-0127
200071414,OGLE-2016-BLG-0127
200071415,OGLE-2016-BLG-0141
200071416,OGLE-2016-BLG-0141
200071417,OGLE-2016-BLG-0141
200071418,OGLE-2016-BLG-0141
200071419,OGLE-2016-BLG-0141
200071420,OGLE-2016-BLG-0193
200071421,OGLE-2016-BLG-0193
200071422,OGLE-2016-BLG-0193
200071423,OGLE-2016-BLG-0193
200071424,OGLE-2016-BLG-0193
200071425,OGLE-2016-BLG-0211
200071426,OGLE-2016-BLG-0211
200071427,OGLE-2016-BLG-0211
200071428,OGLE-2016-BLG-0211
200071429,OGLE-2016-BLG-0211
200071430,OGLE-2016-BLG-0324
200071431,OGLE-2016-BLG-0324
200071432,OGLE-2016-BLG-0324
200071433,OGLE-2016-BLG-0324
200071434,OGLE-2016-BLG-0324
200071435,OGLE-2016-BLG-0367
200071436,OGLE-2016-BLG-0367
200071437,OGLE-2016-BLG-0367
200071438,OGLE-2016-BLG-0367
200071439,OGLE-2016-BLG-0367
200071440,OGLE-2016-BLG-0401
200071441,OGLE-2016-BLG-0401
200071442,OGLE-2016-BLG-0401
200071443,OGLE-2016-BLG-0401
200071444,OGLE-2016-BLG-0401
200071445,OGLE-2016-BLG-0422
200071446,OGLE-2016-BLG-0422
200071447,OGLE-2016-BLG-0422
200071448,OGLE-2016-BLG-0445
200071449,OGLE-2016-BLG-0445
200071450,OGLE-2016-BLG-0445
200071451,OGLE-2016-BLG-0445
200071452,OGLE-2016-BLG-0445
200071453,OGLE-2016-BLG-0446
200071454,OGLE-2016-BLG-0446
200071455,OGLE-2016-BLG-0446
200071456,OGLE-2016-BLG-0446
200071457,OGLE-2016-BLG-0446
200071458,OGLE-2016-BLG-0476
200071459,OGLE-2016-BLG-0476
200071460,OGLE-2016-BLG-0476
200071461,OGLE-2016-BLG-0476
200071462,OGLE-2016-BLG-0476
200071463,OGLE-2016-BLG-0497
200071464,OGLE-2016-BLG-0497
200071465,OGLE-2016-BLG-0497
200071466,OGLE-2016-BLG-0497
200071467,OGLE-2016-BLG-0497
200071468,OGLE-2016-BLG-0500
200071469,OGLE-2016-BLG-0500
200071470,OGLE-2016-BLG-0500
200071471,OGLE-2016-BLG-0500
200071472,OGLE-2016-BLG-0500
200071473,OGLE-2016-BLG-0515
200071474,OGLE-2016-BLG-0515
200071475,OGLE-2016-BLG-0515
200071476,OGLE-2016-BLG-0515
200071477,OGLE-2016-BLG-0515
200071478,OGLE-2016-BLG-0531
200071479,OGLE-2016-BLG-0531
200071480,OGLE-2016-BLG-0531
200071481,OGLE-2016-BLG-0531
200071482,OGLE-2016-BLG-0535
200071483,OGLE-2016-BLG-0535
200071484,OGLE-2016-BLG-0535
200071485,OGLE-2016-BLG-0535
200071486,OGLE-2016-BLG-0535
200071487,OGLE-2016-BLG-0570
200071488,OGLE-2016-BLG-0570
200071489,OGLE-2016-BLG-0570
200071490,OGLE-2016-BLG-0570
200071491,OGLE-2016-BLG-0570
200071492,OGLE-2016-BLG-0586
200071493,OGLE-2016-BLG-0586
200071494,OGLE-2016-BLG-0586
200071495,OGLE-2016-BLG-0586
200071496,OGLE-2016-BLG-0586
200071497,OGLE-2016-BLG-0620
200071498,OGLE-2016-BLG-0620
200071499,OGLE-2016-BLG-0620
200071500,OGLE-2016-BLG-0620
200071501,OGLE-2016-BLG-0620
200071502,OGLE-2016-BLG-0621
200071503,OGLE-2016-BLG-0621
200071504,OGLE-2016-BLG-0621
200071505,OGLE-2016-BLG-0621
200071506,OGLE-2016-BLG-0621
200071507,OGLE-2016-BLG-0651
200071508,OGLE-2016-BLG-0651
200071509,OGLE-2016-BLG-0651
200071510,OGLE-2016-BLG-0651
200071511,OGLE-2016-BLG-0651
200071512,OGLE-2016-BLG-0654
200071513,OGLE-2016-BLG-0654
200071514,OGLE-2016-BLG-0654
200071515,OGLE-2016-BLG-0654
200071516,OGLE-2016-BLG-0654
200071517,OGLE-2016-BLG-0679
200071518,OGLE-2016-BLG-0679
200071519,OGLE-2016-BLG-0679
200071520,OGLE-2016-BLG-0679
200071521,OGLE-2016-BLG-0679
200071522,OGLE-2016-BLG-0685
200071523,OGLE-2016-BLG-0685
200071524,OGLE-2016-BLG-0685
200071525,OGLE-2016-BLG-0685
200071526,OGLE-2016-BLG-0685
200071527,OGLE-2016-BLG-0691
200071528,OGLE-2016-BLG-0691
200071529,OGLE-2016-BLG-0691
200071530,OGLE-2016-BLG-0691
200071531,OGLE-2016-BLG-0691
200071532,OGLE-2016-BLG-0697
200071533,OGLE-2016-BLG-0697
200071534,OGLE-2016-BLG-0697
200071535,OGLE-2016-BLG-0697
200071536,OGLE-2016-BLG-0697
200071537,OGLE-2016-BLG-0720
200071538,OGLE-2016-BLG-0720
200071539,OGLE-2016-BLG-0720
200071540,OGLE-2016-BLG-0720
200071541,OGLE-2016-BLG-0720
200071542,OGLE-2016-BLG-0742
200071543,OGLE-2016-BLG-0742
200071544,OGLE-2016-BLG-0742
200071545,OGLE-2016-BLG-0742
200071546,OGLE-2016-BLG-0742
200071547,OGLE-2016-BLG-0746
200071548,OGLE-2016-BLG-0746
200071549,OGLE-2016-BLG-0746
200071550,OGLE-2016-BLG-0746
200071551,OGLE-2016-BLG-0746
200071552,OGLE-2016-BLG-0753
200071553,OGLE-2016-BLG-0753
200071554,OGLE-2016-BLG-0753
200071555,OGLE-2016-BLG-0759
200071556,OGLE-2016-BLG-0759
200071557,OGLE-2016-BLG-0759
200071558,OGLE-2016-BLG-0759
200071559,OGLE-2016-BLG-0759
200071560,MOA-2016-BLG-197
200071561,MOA-2016-BLG-197
200071562,MOA-2016-BLG-197
200071563,MOA-2016-BLG-197
200071564,MOA-2016-BLG-197
200071565,OGLE-2016-BLG-0483
200071566,OGLE-2016-BLG-0483
200071567,OGLE-2016-BLG-0483
200071568,OGLE-2016-BLG-0483
200071569,OGLE-2016-BLG-0483
200071570,OGLE-2016-BLG-0545
200071571,OGLE-2016-BLG-0545
200071572,OGLE-2016-BLG-0545
200071573,OGLE-2016-BLG-0545
200071574,OGLE-2016-BLG-0545
200071575,OGLE-2015-BLG-2112
200071576,OGLE-2015-BLG-2112
200071577,OGLE-2015-BLG-2112
200071578,OGLE-2015-BLG-2112
200071579,OGLE-2015-BLG-2112
200071580,OGLE-2016-BLG-0117
200071581,OGLE-2016-BLG-0117
200071582,OGLE-2016-BLG-0117
200071583,OGLE-2016-BLG-0313
200071584,OGLE-2016-BLG-0313
200071585,OGLE-2016-BLG-0313
200071586,OGLE-2016-BLG-0313
200071587,OGLE-2016-BLG-0313
200071588,OGLE-2016-BLG-0335
200071589,OGLE-2016-BLG-0335
200071590,OGLE-2016-BLG-0335
200071591,OGLE-2016-BLG-0335
200071592,OGLE-2016-BLG-0335
200071593,OGLE-2016-BLG-0463
200071594,OGLE-2016-BLG-0463
200071595,OGLE-2016-BLG-0463
200071596,OGLE-2016-BLG-0463
200071597,OGLE-2016-BLG-0463
200071598,OGLE-2016-BLG-0711
200071599,OGLE-2016-BLG-0711
200071600,OGLE-2016-BLG-0711
200071601,OGLE-2016-BLG-0711
200071602,OGLE-2016-BLG-0711
200071603,OGLE-2016-BLG-0728
200071604,OGLE-2016-BLG-0728
200071605,OGLE-2016-BLG-0728
200071606,OGLE-2016-BLG-0728
200071607,OGLE-2016-BLG-0728
200071608,OGLE-2016-BLG-0757
200071609,OGLE-2016-BLG-0757
200071610,OGLE-2016-BLG-0757
200071611,OGLE-2016-BLG-0757
200071612,OGLE-2016-BLG-0757
200071613,OGLE-2016-BLG-0041
200071614,OGLE-2016-BLG-0041
200071615,OGLE-2016-BLG-0041
200071616,OGLE-2016-BLG-0041
200071617,OGLE-2016-BLG-0041
200071618,OGLE-2016-BLG-0077
200071619,OGLE-2016-BLG-0077
200071620,OGLE-2016-BLG-0077
200071621,OGLE-2016-BLG-0089
200071622,OGLE-2016-BLG-0089
200071623,OGLE-2016-BLG-0089
200071624,OGLE-2016-BLG-0089
200071625,OGLE-2016-BLG-0089
200071626,OGLE-2016-BLG-0118
200071627,OGLE-2016-BLG-0118
200071628,OGLE-2016-BLG-0118
200071629,OGLE-2016-BLG-0118
200071630,OGLE-2016-BLG-0118
200071631,OGLE-2016-BLG-0244
200071632,OGLE-2016-BLG-0244
200071633,OGLE-2016-BLG-0244
200071634,OGLE-2016-BLG-0244
200071635,OGLE-2016-BLG-0244
